{
  "lightgbm": {
    "accuracy": 0.7674898266347066,
    "balanced_accuracy": 0.7278067557135538,
    "loss": 0.6133070142227625,
    "macro_f1": 0.7077638320152558
  },
  "logistic_regression": {
    "accuracy": 0.723200847315904,
    "balanced_accuracy": 0.7173566177175291,
    "loss": 0.7462081888665686,
    "macro_f1": 0.6674143856338807
  },
  "mlp": {
    "accuracy": 0.6938235130163332,
    "balanced_accuracy": 0.7135965191496456,
    "loss": 0.8113193159666869,
    "macro_f1": 0.6453641321334269
  },
  "naive_bayes": {
    "accuracy": 0.649450916996488,
    "balanced_accuracy": 0.6394310123500324,
    "loss": 5.524137440972631,
    "macro_f1": 0.5811538483831756
  },
  "random_forest": {
    "accuracy": 0.7771614917219466,
    "balanced_accuracy": 0.6913887942496919,
    "loss": 0.6093984539917257,
    "macro_f1": 0.6996347350324736
  },
  "xgboost": {
    "accuracy": 0.7935224928925804,
    "balanced_accuracy": 0.7080096899863672,
    "loss": 0.6659559999618204,
    "macro_f1": 0.7165334250909297
  }
}